Model,Replicate,log-likelihood,AIC,chi-squared,theta,optimized_params
anc_asym_mig,Round_4_Replicate_2,-228943.11,457898.22,505372.6,1169041.8,"4.0255,0.8011,1.4517,0.6381,0.3443,0.0525"
anc_asym_mig,Round_4_Replicate_7,-249610.22,499232.44,543103.22,1274686.22,"3.2293,0.7207,1.6885,0.2898,0.3014,0.0486"
anc_asym_mig,Round_4_Replicate_23,-251605.63,503223.26,545067.11,1330961.5,"3.2501,0.6725,1.6965,0.2778,0.2495,0.0486"
anc_asym_mig,Round_4_Replicate_29,-255197.72,510407.44,567209.79,1370980.76,"3.7728,0.5944,1.7571,0.4737,0.2143,0.0442"
anc_asym_mig,Round_4_Replicate_38,-255699.03,511410.06,557070.6,1345936.84,"3.4254,0.649,1.8513,0.2951,0.2215,0.0589"
anc_asym_mig_size,Round_4_Replicate_10,-74316.12,148648.24,150618.32,1113952.79,"5.1528,0.3112,1.4731,0.4081,2.2967,9.842,0.5872,0.0571"
anc_asym_mig_size,Round_4_Replicate_39,-83852.73,167721.46,168769.85,1213104.28,"4.457,0.5376,2.6076,0.2471,3.393,10.9591,0.401,0.0541"
anc_asym_mig_size,Round_4_Replicate_8,-109504.38,219024.76,231592.48,1029395.33,"6.6179,0.5191,4.0203,0.5756,2.5604,8.8708,0.4317,0.1148"
anc_asym_mig_size,Round_4_Replicate_38,-112949.56,225915.12,224957.37,1057611.86,"8.8735,0.2341,1.9004,0.7438,2.029,10.9503,0.4877,0.0888"
anc_asym_mig_size,Round_4_Replicate_40,-123380.82,246777.64,247339.35,1231768.25,"6.5727,0.6991,1.3607,0.3741,4.511,9.127,0.3863,0.0768"
anc_sym_mig,Round_4_Replicate_13,-106680.47,213370.94,250882.61,732689.3,"5.1442,0.811,1.725,1.7123,0.0961"
anc_sym_mig,Round_4_Replicate_39,-119336.22,238682.44,264321.88,807717.42,"4.3009,0.782,1.2359,1.3358,0.0629"
anc_sym_mig,Round_4_Replicate_40,-127458.71,254927.42,274595.85,905248.08,"3.2734,0.7072,1.6342,1.3133,0.0648"
anc_sym_mig,Round_4_Replicate_23,-132341.53,264693.06,285816.36,979925.17,"4.0282,0.8046,1.911,0.6401,0.0953"
anc_sym_mig,Round_4_Replicate_8,-136696.23,273402.46,305826.91,817687.07,"4.1818,0.6906,1.3779,1.5287,0.0597"
anc_sym_mig_size,Round_4_Replicate_15,-184055.76,368125.52,392190.94,1349364.64,"3.4656,1.0012,19.6469,0.1672,0.2929,0.2362,0.0151"
anc_sym_mig_size,Round_4_Replicate_19,-191860.37,383734.74,418115.68,1366329.31,"3.3388,1.3905,23.6636,0.1671,0.1708,0.2182,0.0242"
anc_sym_mig_size,Round_4_Replicate_35,-202564.73,405143.46,433658.79,1419210.48,"2.4216,1.7141,26.6964,0.2092,0.2572,0.1904,0.0396"
anc_sym_mig_size,Round_4_Replicate_10,-203444.89,406903.78,424189.26,1436873.87,"3.3098,0.7629,11.2744,0.1607,0.2512,0.1997,0.0118"
anc_sym_mig_size,Round_4_Replicate_36,-204413.47,408840.94,441985.93,1339887.66,"3.1346,1.3483,12.272,0.2809,0.2332,0.2111,0.0385"
asym_mig,Round_4_Replicate_9,-74367.52,148745.04,143206.82,890036.14,"4.2341,0.4249,0.2241,2.6155,0.9886"
asym_mig,Round_4_Replicate_22,-75914.28,151838.56,147875.53,913832.16,"4.1633,0.4143,0.2734,2.6346,0.9377"
asym_mig,Round_4_Replicate_35,-79605.97,159221.94,156083.32,1019575.67,"3.9065,0.4157,0.2824,2.6481,0.6964"
asym_mig,Round_4_Replicate_34,-82663.91,165337.82,163779.12,1053976.11,"4.1337,0.3296,0.1525,3.4653,0.6243"
asym_mig,Round_4_Replicate_12,-84385.15,168780.3,167725.93,1070555.86,"4.0383,0.3421,0.2144,3.2412,0.604"
asym_mig_size,Round_4_Replicate_3,-72257.63,144531.26,139569.15,524542.47,"1.4895,0.1279,7.5852,0.669,0.122,1.7043,13.6191,1.5758"
asym_mig_size,Round_4_Replicate_20,-81346.12,162708.24,151379.63,515778.17,"1.3948,0.0819,7.0076,0.6133,0.0697,1.9485,12.4216,2.041"
asym_mig_size,Round_4_Replicate_26,-86618.78,173253.56,167704.82,477629.44,"1.7368,0.0409,8.5546,0.5177,0.0723,2.3355,12.0541,1.869"
asym_mig_size,Round_4_Replicate_10,-87576.29,175168.58,163717.54,464160.88,"1.6439,0.0644,7.8491,0.6922,0.0979,1.865,17.2655,2.1036"
asym_mig_size,Round_4_Replicate_22,-90571.9,181159.8,169399.71,432946.2,"2.077,0.076,8.3669,0.7565,0.0763,1.7191,14.206,1.9745"
asym_mig_twoepoch,Round_4_Replicate_27,-70160.21,140336.42,138758.77,579592.8,"5.6142,0.8373,1.7503,5.2118,0.2436,0.9746,1.9186,0.4204"
asym_mig_twoepoch,Round_4_Replicate_40,-76902.67,153821.34,148257.09,440579.7,"8.6915,0.8073,2.1746,2.6532,0.0858,1.4309,3.0643,1.0613"
asym_mig_twoepoch,Round_4_Replicate_38,-81399.05,162814.1,159551.01,612511.08,"5.2964,0.8429,1.8728,7.178,0.1377,0.7566,1.6104,0.4162"
asym_mig_twoepoch,Round_4_Replicate_11,-83469.57,166955.14,164425.01,753726.63,"4.7472,0.6333,1.8884,3.0112,0.2608,1.6022,0.9919,0.4856"
asym_mig_twoepoch,Round_4_Replicate_29,-85583.23,171182.46,168971.71,361722.13,"8.4206,1.4087,1.2097,4.5664,0.1889,0.5761,3.7374,0.6892"
no_mig,Round_4_Replicate_22,-281687.38,563380.76,596870.72,1474507.32,"4.1933,0.5379,0.1713"
no_mig,Round_4_Replicate_10,-282203.57,564413.14,598633.28,1486446.72,"4.0923,0.5195,0.169"
no_mig,Round_4_Replicate_38,-282259.38,564524.76,600150.11,1472457.01,"4.3848,0.5326,0.1706"
no_mig,Round_4_Replicate_9,-282769.47,565544.94,600991.79,1451328.12,"4.2065,0.5717,0.179"
no_mig,Round_4_Replicate_15,-283359.91,566725.82,597032.25,1502115.91,"3.8538,0.5087,0.1659"
no_mig_size,Round_4_Replicate_20,-207066.59,414145.18,447440.62,1383667.82,"2.7674,5.9542,18.7539,0.2256,0.178,0.053"
no_mig_size,Round_4_Replicate_35,-211052.52,422117.04,454591.36,1408665.38,"2.4098,5.1925,10.8047,0.2302,0.177,0.0533"
no_mig_size,Round_4_Replicate_30,-235607.83,471227.66,520408.97,1321213.3,"2.9091,2.4482,21.4077,0.309,0.1943,0.0564"
no_mig_size,Round_4_Replicate_33,-236342.71,472697.42,489613.84,1511174.07,"1.9588,3.4471,9.1322,0.2648,0.1154,0.0684"
no_mig_size,Round_4_Replicate_10,-240136.53,480285.06,512776.02,1380917.62,"3.5837,6.0687,13.8171,0.2991,0.135,0.075"
sec_contact_asym_mig,Round_4_Replicate_35,-390266.94,780545.88,1145743.49,4278144.48,"0.6568,0.1606,8.6384,2.3366,0.5887,10.9461"
sec_contact_asym_mig,Round_4_Replicate_27,-390317.92,780647.84,1162792.19,7223346.2,"0.3967,0.0931,14.7377,4.2099,0.55,10.1898"
sec_contact_asym_mig,Round_3_Replicate_10,-390627.57,781267.14,1135969.49,5142857.89,"0.5396,0.1353,10.3208,2.7027,0.5396,7.764"
sec_contact_asym_mig,Round_4_Replicate_38,-390666.4,781344.8,1146895.81,3296577.71,"0.8542,0.2148,6.6156,1.5919,0.4377,7.7417"
sec_contact_asym_mig,Round_4_Replicate_9,-391108.79,782229.58,1149156.83,8236082.83,"0.3604,0.0775,16.4711,5.0317,0.2983,4.1952"
sec_contact_asym_mig_size,Round_4_Replicate_34,-115861.14,231738.28,217212.65,167218.62,"1.0224,0.0589,19.2554,1.9386,0.031,0.6113,1.0835,10.812"
sec_contact_asym_mig_size,Round_4_Replicate_4,-115948.78,231913.56,217204.78,181884.35,"1.0629,0.0316,18.2842,1.6624,0.018,0.7144,0.6918,9.7788"
sec_contact_asym_mig_size,Round_4_Replicate_32,-119260.53,238537.06,227131.33,215735.02,"2.8016,0.0475,14.8969,1.6757,0.0358,0.6793,0.4811,7.7178"
sec_contact_asym_mig_size,Round_4_Replicate_33,-119289.67,238595.34,223030.76,108917.02,"1.2086,0.0483,28.5214,3.1513,0.0208,0.3621,0.3907,17.6652"
sec_contact_asym_mig_size,Round_4_Replicate_1,-128874.66,257765.32,247585.8,205141.89,"1.3268,0.0938,15.6232,1.9418,0.0476,0.638,0.8973,7.981"
sec_contact_asym_mig_size_three_epoch,Round_3_Replicate_2,-262004.34,524026.68,490137.36,352245.42,"9.2499,0.2632,9.7749,3.0947,14.8383,8.4854,2.7319,2.1639,0.6955"
sec_contact_asym_mig_size_three_epoch,Round_2_Replicate_11,-381883.88,763785.76,782043.75,520797.25,"4.4522,0.7694,3.9889,1.4646,9.6062,12.793,1.5505,2.1831,0.3926"
sec_contact_asym_mig_size_three_epoch,Round_3_Replicate_5,-800890.22,1601798.44,1742522.13,376301.77,"3.8925,1.7884,5.8694,1.8887,7.0462,4.843,3.1688,6.41,0.8102"
sec_contact_asym_mig_size_three_epoch,Round_3_Replicate_7,-803438.97,1606895.94,2509480.93,331817.93,"4.5169,3.0976,11.5063,1.5793,3.4914,5.6688,4.8566,1.0097,0.1641"
sec_contact_asym_mig_size_three_epoch,Round_2_Replicate_15,-1082553.92,2165125.84,2345744.76,1017263.27,"1.5668,1.8259,1.4712,1.0524,1.6497,11.4201,0.7958,1.8376,0.1458"
sec_contact_asym_mig_three_epoch,Round_4_Replicate_32,-79009.76,158033.52,160204.1,976060.77,"3.8121,0.6424,1.7801,6.7552,0.4861,0.1256,2.7765"
sec_contact_asym_mig_three_epoch,Round_4_Replicate_16,-99415.8,198845.6,189726.56,994376.55,"3.2618,0.7284,2.1521,6.8293,0.5091,0.1172,2.9683"
sec_contact_asym_mig_three_epoch,Round_4_Replicate_30,-150173.58,300361.16,285878.1,921750.87,"3.6448,0.8973,1.7886,5.3629,0.4698,0.161,0.8875"
sec_contact_asym_mig_three_epoch,Round_4_Replicate_20,-150577.93,301169.86,307116.96,785894.31,"5.1569,0.9856,3.5227,6.5079,0.5515,0.2262,0.76"
sec_contact_asym_mig_three_epoch,Round_4_Replicate_28,-152878.72,305771.44,302681.67,894294.54,"4.2186,0.9183,2.2632,3.5764,0.5715,0.1119,1.0248"
sec_contact_sym_mig,Round_4_Replicate_17,-166638.58,333287.16,359759.02,1116454.95,"3.3974,0.6724,0.9141,0.1083,0.4346"
sec_contact_sym_mig,Round_4_Replicate_25,-199091.72,398193.44,434661.22,1236106.23,"2.8105,0.5854,1.1979,0.1885,0.2682"
sec_contact_sym_mig,Round_4_Replicate_7,-202323.4,404656.8,521193.26,935860.74,"3.6951,0.6613,1.2049,0.3655,0.6608"
sec_contact_sym_mig,Round_4_Replicate_21,-212501.97,425013.94,485932.56,1132230.71,"4.3179,0.7014,0.9959,0.1999,0.2311"
sec_contact_sym_mig,Round_4_Replicate_3,-231652.55,463315.1,483349.79,1058235.5,"3.1157,0.584,1.0608,0.4028,0.3754"
sec_contact_sym_mig_size,Round_4_Replicate_6,-176145.12,352304.24,428013.22,1061744.65,"1.4994,1.3978,3.5159,0.6108,1.1477,0.0655,0.6447"
sec_contact_sym_mig_size,Round_4_Replicate_14,-180690.58,361395.16,369549.88,866633.41,"5.244,3.1075,3.6216,0.7848,0.7398,0.1881,0.9381"
sec_contact_sym_mig_size,Round_4_Replicate_2,-202814.28,405642.56,502009.64,942254.86,"3.8797,1.3056,3.3523,0.6406,1.2012,0.1211,1.0253"
sec_contact_sym_mig_size,Round_4_Replicate_3,-209629.66,419273.32,486550.77,1082571.6,"1.7455,3.3678,3.6177,0.514,1.1247,0.0612,0.6501"
sec_contact_sym_mig_size,Round_3_Replicate_19,-216391.45,432796.9,544661.72,988723.99,"2.8483,2.4035,3.4287,0.5443,1.2853,0.1354,0.921"
sec_contact_sym_mig_size_three_epoch,Round_4_Replicate_36,-103394.72,206805.44,236420.41,250965.1,"0.039,0.0605,13.927,2.5539,0.534,0.5627,7.1207,0.2694"
sec_contact_sym_mig_size_three_epoch,Round_3_Replicate_24,-145796.5,291609,339443.72,246161.34,"0.0291,0.0547,13.767,2.4,0.34,0.9821,7.2686,0.101"
sec_contact_sym_mig_size_three_epoch,Round_4_Replicate_40,-146860.48,293736.96,348790.44,297281.16,"0.0167,0.0414,11.862,2.1383,0.4194,0.8873,5.4308,0.0876"
sec_contact_sym_mig_size_three_epoch,Round_4_Replicate_7,-151313.77,302643.54,333047.17,231911.03,"0.0298,0.0436,12.9547,2.9899,0.2811,0.5096,7.7614,0.0787"
sec_contact_sym_mig_size_three_epoch,Round_4_Replicate_6,-151706.08,303428.16,375166.85,178188.58,"0.0387,0.0339,19.5887,3.408,0.2747,0.6296,10.409,0.1369"
sec_contact_sym_mig_three_epoch,Round_4_Replicate_37,-92676.27,185364.54,195414.8,970935.44,"3.8443,0.7147,6.8829,0.5459,0.1669,0.1617"
sec_contact_sym_mig_three_epoch,Round_4_Replicate_34,-104635.52,209283.04,216914.11,1024648.17,"3.9208,0.7208,10.7224,0.4122,0.1582,0.1672"
sec_contact_sym_mig_three_epoch,Round_4_Replicate_38,-108760.47,217532.94,219347.18,861118.28,"3.8853,0.8718,7.8883,0.7552,0.1587,0.2081"
sec_contact_sym_mig_three_epoch,Round_4_Replicate_24,-118140.42,236292.84,257240.71,1018972.17,"3.8031,0.7268,3.6167,0.3735,0.215,0.1215"
sec_contact_sym_mig_three_epoch,Round_4_Replicate_20,-118597.9,237207.8,248297.04,921380.86,"4.1794,0.8256,4.6577,0.5059,0.19,0.1685"
sym_mig,Round_4_Replicate_35,-180576.94,361161.88,399756.3,418395.04,"7.1193,1.5967,0.4456,3.84"
sym_mig,Round_4_Replicate_13,-181743.27,363494.54,411830.44,343466.61,"8.8752,1.8572,0.379,4.9923"
sym_mig,Round_4_Replicate_2,-182010.9,364029.8,411549.86,307720.12,"9.8405,2.1064,0.3399,5.6618"
sym_mig,Round_3_Replicate_17,-182176.59,364361.18,413154.73,300491.78,"10.1127,2.153,0.3333,5.8157"
sym_mig,Round_4_Replicate_24,-182381.95,364771.9,412308.08,365458.16,"8.5304,1.8052,0.3943,4.4069"
sym_mig_size,Round_4_Replicate_27,-45427.15,90868.3,93350.7,1017336.16,"6.2836,3.9029,2.9782,0.4168,0.9434,0.4375,0.1415"
sym_mig_size,Round_4_Replicate_26,-54437.42,108888.84,111225.73,1099292.98,"11.6678,6.0092,2.648,0.4418,0.9282,0.3176,0.1723"
sym_mig_size,Round_4_Replicate_14,-54583.24,109180.48,107498.81,1053421.61,"4.134,2.9538,2.6995,0.4412,0.7654,0.4431,0.1233"
sym_mig_size,Round_4_Replicate_22,-72080.08,144174.16,147646.47,966615.93,"3.3996,3.4609,3.7178,0.6371,0.8771,0.4471,0.2619"
sym_mig_size,Round_4_Replicate_3,-83744.53,167503.06,174179.69,1157726.01,"7.0201,3.5701,3.2975,0.4905,0.8578,0.2326,0.1856"
sym_mig_twoepoch,Round_4_Replicate_40,-178216.88,356445.76,393305.45,535858.14,"5.8073,1.2766,0.8319,0.5444,0.1499,2.4384"
sym_mig_twoepoch,Round_4_Replicate_11,-178539.49,357090.98,421458.44,613559.36,"5.352,1.0262,0.8589,0.6935,0.0521,2.1405"
sym_mig_twoepoch,Round_4_Replicate_22,-179622.08,359256.16,396976.88,481967.44,"6.3466,1.368,0.9078,0.4994,0.102,3.0293"
sym_mig_twoepoch,Round_4_Replicate_5,-181229.34,362470.68,413793.35,569787.78,"5.3835,1.2088,0.422,0.6349,0.0273,2.401"
sym_mig_twoepoch,Round_4_Replicate_26,-182433.08,364878.16,413116.48,396728.81,"7.505,1.6682,0.7372,0.445,0.0607,4.1124"
